PassengerId,Survived,Pclass,Sex,Age,SibSp,Parch,Fare,Embarked
1,No,3,0,22,1,0,7.25,3
2,Yes,1,1,38,1,0,71.2833,1
3,Yes,3,1,26,0,0,7.925,3
4,Yes,1,1,35,1,0,53.1,3
5,No,3,0,35,0,0,8.05,3
6,No,3,0,0,0,0,8.4583,2
7,No,1,0,54,0,0,51.8625,3
8,No,3,0,2,3,1,21.075,3
9,Yes,3,1,27,0,2,11.1333,3
10,Yes,2,1,14,1,0,30.0708,1
11,Yes,3,1,4,1,1,16.7,3
12,Yes,1,1,58,0,0,26.55,3
13,No,3,0,20,0,0,8.05,3
14,No,3,0,39,1,5,31.275,3
15,No,3,1,14,0,0,7.8542,3
16,Yes,2,1,55,0,0,16,3
17,No,3,0,2,4,1,29.125,2
18,Yes,2,0,0,0,0,13,3
19,No,3,1,31,1,0,18,3
20,Yes,3,1,0,0,0,7.225,1
21,No,2,0,35,0,0,26,3
22,Yes,2,0,34,0,0,13,3
23,Yes,3,1,15,0,0,8.0292,2
24,Yes,1,0,28,0,0,35.5,3
25,No,3,1,8,3,1,21.075,3
26,Yes,3,1,38,1,5,31.3875,3
27,No,3,0,0,0,0,7.225,1
28,No,1,0,19,3,2,263,3
29,Yes,3,1,0,0,0,7.8792,2
30,No,3,0,0,0,0,7.8958,3
31,No,1,0,40,0,0,27.7208,1
32,Yes,1,1,0,1,0,146.5208,1
33,Yes,3,1,0,0,0,7.75,2
34,No,2,0,66,0,0,10.5,3
35,No,1,0,28,1,0,82.1708,1
36,No,1,0,42,1,0,52,3
37,Yes,3,0,0,0,0,7.2292,1
38,No,3,0,21,0,0,8.05,3
39,No,3,1,18,2,0,18,3
40,Yes,3,1,14,1,0,11.2417,1
41,No,3,1,40,1,0,9.475,3
42,No,2,1,27,1,0,21,3
43,No,3,0,0,0,0,7.8958,1
44,Yes,2,1,3,1,2,41.5792,1
45,Yes,3,1,19,0,0,7.8792,2
46,No,3,0,0,0,0,8.05,3
47,No,3,0,0,1,0,15.5,2
48,Yes,3,1,0,0,0,7.75,2
49,No,3,0,0,2,0,21.6792,1
50,No,3,1,18,1,0,17.8,3
51,No,3,0,7,4,1,39.6875,3
52,No,3,0,21,0,0,7.8,3
53,Yes,1,1,49,1,0,76.7292,1
54,Yes,2,1,29,1,0,26,3
55,No,1,0,65,0,1,61.9792,1
56,Yes,1,0,0,0,0,35.5,3
57,Yes,2,1,21,0,0,10.5,3
58,No,3,0,28.5,0,0,7.2292,1
59,Yes,2,1,5,1,2,27.75,3
60,No,3,0,11,5,2,46.9,3
61,No,3,0,22,0,0,7.2292,1
62,Yes,1,1,38,0,0,80,0
63,No,1,0,45,1,0,83.475,3
64,No,3,0,4,3,2,27.9,3
65,No,1,0,0,0,0,27.7208,1
66,Yes,3,0,0,1,1,15.2458,1
67,Yes,2,1,29,0,0,10.5,3
68,No,3,0,19,0,0,8.1583,3
69,Yes,3,1,17,4,2,7.925,3
70,No,3,0,26,2,0,8.6625,3
71,No,2,0,32,0,0,10.5,3
72,No,3,1,16,5,2,46.9,3
73,No,2,0,21,0,0,73.5,3
74,No,3,0,26,1,0,14.4542,1
75,Yes,3,0,32,0,0,56.4958,3
76,No,3,0,25,0,0,7.65,3
77,No,3,0,0,0,0,7.8958,3
78,No,3,0,0,0,0,8.05,3
79,Yes,2,0,0.83,0,2,29,3
80,Yes,3,1,30,0,0,12.475,3
81,No,3,0,22,0,0,9,3
82,Yes,3,0,29,0,0,9.5,3
83,Yes,3,1,0,0,0,7.7875,2
84,No,1,0,28,0,0,47.1,3
85,Yes,2,1,17,0,0,10.5,3
86,Yes,3,1,33,3,0,15.85,3
87,No,3,0,16,1,3,34.375,3
88,No,3,0,0,0,0,8.05,3
89,Yes,1,1,23,3,2,263,3
90,No,3,0,24,0,0,8.05,3
91,No,3,0,29,0,0,8.05,3
92,No,3,0,20,0,0,7.8542,3
93,No,1,0,46,1,0,61.175,3
94,No,3,0,26,1,2,20.575,3
95,No,3,0,59,0,0,7.25,3
96,No,3,0,0,0,0,8.05,3
97,No,1,0,71,0,0,34.6542,1
98,Yes,1,0,23,0,1,63.3583,1
99,Yes,2,1,34,0,1,23,3
100,No,2,0,34,1,0,26,3
101,No,3,1,28,0,0,7.8958,3
102,No,3,0,0,0,0,7.8958,3
103,No,1,0,21,0,1,77.2875,3
104,No,3,0,33,0,0,8.6542,3
105,No,3,0,37,2,0,7.925,3
106,No,3,0,28,0,0,7.8958,3
107,Yes,3,1,21,0,0,7.65,3
108,Yes,3,0,0,0,0,7.775,3
109,No,3,0,38,0,0,7.8958,3
110,Yes,3,1,0,1,0,24.15,2
111,No,1,0,47,0,0,52,3
112,No,3,1,14.5,1,0,14.4542,1
113,No,3,0,22,0,0,8.05,3
114,No,3,1,20,1,0,9.825,3
115,No,3,1,17,0,0,14.4583,1
116,No,3,0,21,0,0,7.925,3
117,No,3,0,70.5,0,0,7.75,2
118,No,2,0,29,1,0,21,3
119,No,1,0,24,0,1,247.5208,1
120,No,3,1,2,4,2,31.275,3
121,No,2,0,21,2,0,73.5,3
122,No,3,0,0,0,0,8.05,3
123,No,2,0,32.5,1,0,30.0708,1
124,Yes,2,1,32.5,0,0,13,3
125,No,1,0,54,0,1,77.2875,3
126,Yes,3,0,12,1,0,11.2417,1
127,No,3,0,0,0,0,7.75,2
128,Yes,3,0,24,0,0,7.1417,3
129,Yes,3,1,0,1,1,22.3583,1
130,No,3,0,45,0,0,6.975,3
131,No,3,0,33,0,0,7.8958,1
132,No,3,0,20,0,0,7.05,3
133,No,3,1,47,1,0,14.5,3
134,Yes,2,1,29,1,0,26,3
135,No,2,0,25,0,0,13,3
136,No,2,0,23,0,0,15.0458,1
137,Yes,1,1,19,0,2,26.2833,3
138,No,1,0,37,1,0,53.1,3
139,No,3,0,16,0,0,9.2167,3
140,No,1,0,24,0,0,79.2,1
141,No,3,1,0,0,2,15.2458,1
142,Yes,3,1,22,0,0,7.75,3
143,Yes,3,1,24,1,0,15.85,3
144,No,3,0,19,0,0,6.75,2
145,No,2,0,18,0,0,11.5,3
146,No,2,0,19,1,1,36.75,3
147,Yes,3,0,27,0,0,7.7958,3
148,No,3,1,9,2,2,34.375,3
149,No,2,0,36.5,0,2,26,3
150,No,2,0,42,0,0,13,3
151,No,2,0,51,0,0,12.525,3
152,Yes,1,1,22,1,0,66.6,3
153,No,3,0,55.5,0,0,8.05,3
154,No,3,0,40.5,0,2,14.5,3
155,No,3,0,0,0,0,7.3125,3
156,No,1,0,51,0,1,61.3792,1
157,Yes,3,1,16,0,0,7.7333,2
158,No,3,0,30,0,0,8.05,3
159,No,3,0,0,0,0,8.6625,3
160,No,3,0,0,8,2,69.55,3
161,No,3,0,44,0,1,16.1,3
162,Yes,2,1,40,0,0,15.75,3
163,No,3,0,26,0,0,7.775,3
164,No,3,0,17,0,0,8.6625,3
165,No,3,0,1,4,1,39.6875,3
166,Yes,3,0,9,0,2,20.525,3
167,Yes,1,1,0,0,1,55,3
168,No,3,1,45,1,4,27.9,3
169,No,1,0,0,0,0,25.925,3
170,No,3,0,28,0,0,56.4958,3
171,No,1,0,61,0,0,33.5,3
172,No,3,0,4,4,1,29.125,2
173,Yes,3,1,1,1,1,11.1333,3
174,No,3,0,21,0,0,7.925,3
175,No,1,0,56,0,0,30.6958,1
176,No,3,0,18,1,1,7.8542,3
177,No,3,0,0,3,1,25.4667,3
178,No,1,1,50,0,0,28.7125,1
179,No,2,0,30,0,0,13,3
180,No,3,0,36,0,0,0,3
181,No,3,1,0,8,2,69.55,3
182,No,2,0,0,0,0,15.05,1
183,No,3,0,9,4,2,31.3875,3
184,Yes,2,0,1,2,1,39,3
185,Yes,3,1,4,0,2,22.025,3
186,No,1,0,0,0,0,50,3
187,Yes,3,1,0,1,0,15.5,2
188,Yes,1,0,45,0,0,26.55,3
189,No,3,0,40,1,1,15.5,2
190,No,3,0,36,0,0,7.8958,3
191,Yes,2,1,32,0,0,13,3
192,No,2,0,19,0,0,13,3
193,Yes,3,1,19,1,0,7.8542,3
194,Yes,2,0,3,1,1,26,3
195,Yes,1,1,44,0,0,27.7208,1
196,Yes,1,1,58,0,0,146.5208,1
197,No,3,0,0,0,0,7.75,2
198,No,3,0,42,0,1,8.4042,3
199,Yes,3,1,0,0,0,7.75,2
200,No,2,1,24,0,0,13,3
201,No,3,0,28,0,0,9.5,3
202,No,3,0,0,8,2,69.55,3
203,No,3,0,34,0,0,6.4958,3
204,No,3,0,45.5,0,0,7.225,1
205,Yes,3,0,18,0,0,8.05,3
206,No,3,1,2,0,1,10.4625,3
207,No,3,0,32,1,0,15.85,3
208,Yes,3,0,26,0,0,18.7875,1
209,Yes,3,1,16,0,0,7.75,2
210,Yes,1,0,40,0,0,31,1
211,No,3,0,24,0,0,7.05,3
212,Yes,2,1,35,0,0,21,3
213,No,3,0,22,0,0,7.25,3
214,No,2,0,30,0,0,13,3
215,No,3,0,0,1,0,7.75,2
216,Yes,1,1,31,1,0,113.275,1
217,Yes,3,1,27,0,0,7.925,3
218,No,2,0,42,1,0,27,3
219,Yes,1,1,32,0,0,76.2917,1
220,No,2,0,30,0,0,10.5,3
221,Yes,3,0,16,0,0,8.05,3
222,No,2,0,27,0,0,13,3
223,No,3,0,51,0,0,8.05,3
224,No,3,0,0,0,0,7.8958,3
225,Yes,1,0,38,1,0,90,3
226,No,3,0,22,0,0,9.35,3
227,Yes,2,0,19,0,0,10.5,3
228,No,3,0,20.5,0,0,7.25,3
229,No,2,0,18,0,0,13,3
230,No,3,1,0,3,1,25.4667,3
231,Yes,1,1,35,1,0,83.475,3
232,No,3,0,29,0,0,7.775,3
233,No,2,0,59,0,0,13.5,3
234,Yes,3,1,5,4,2,31.3875,3
235,No,2,0,24,0,0,10.5,3
236,No,3,1,0,0,0,7.55,3
237,No,2,0,44,1,0,26,3
238,Yes,2,1,8,0,2,26.25,3
239,No,2,0,19,0,0,10.5,3
240,No,2,0,33,0,0,12.275,3
241,No,3,1,0,1,0,14.4542,1
242,Yes,3,1,0,1,0,15.5,2
243,No,2,0,29,0,0,10.5,3
244,No,3,0,22,0,0,7.125,3
245,No,3,0,30,0,0,7.225,1
246,No,1,0,44,2,0,90,2
247,No,3,1,25,0,0,7.775,3
248,Yes,2,1,24,0,2,14.5,3
249,Yes,1,0,37,1,1,52.5542,3
250,No,2,0,54,1,0,26,3
251,No,3,0,0,0,0,7.25,3
252,No,3,1,29,1,1,10.4625,3
253,No,1,0,62,0,0,26.55,3
254,No,3,0,30,1,0,16.1,3
255,No,3,1,41,0,2,20.2125,3
256,Yes,3,1,29,0,2,15.2458,1
257,Yes,1,1,0,0,0,79.2,1
258,Yes,1,1,30,0,0,86.5,3
259,Yes,1,1,35,0,0,512.3292,1
260,Yes,2,1,50,0,1,26,3
261,No,3,0,0,0,0,7.75,2
262,Yes,3,0,3,4,2,31.3875,3
263,No,1,0,52,1,1,79.65,3
264,No,1,0,40,0,0,0,3
265,No,3,1,0,0,0,7.75,2
266,No,2,0,36,0,0,10.5,3
267,No,3,0,16,4,1,39.6875,3
268,Yes,3,0,25,1,0,7.775,3
269,Yes,1,1,58,0,1,153.4625,3
270,Yes,1,1,35,0,0,135.6333,3
271,No,1,0,0,0,0,31,3
272,Yes,3,0,25,0,0,0,3
273,Yes,2,1,41,0,1,19.5,3
274,No,1,0,37,0,1,29.7,1
275,Yes,3,1,0,0,0,7.75,2
276,Yes,1,1,63,1,0,77.9583,3
277,No,3,1,45,0,0,7.75,3
278,No,2,0,0,0,0,0,3
279,No,3,0,7,4,1,29.125,2
280,Yes,3,1,35,1,1,20.25,3
281,No,3,0,65,0,0,7.75,2
282,No,3,0,28,0,0,7.8542,3
283,No,3,0,16,0,0,9.5,3
284,Yes,3,0,19,0,0,8.05,3
285,No,1,0,0,0,0,26,3
286,No,3,0,33,0,0,8.6625,1
287,Yes,3,0,30,0,0,9.5,3
288,No,3,0,22,0,0,7.8958,3
289,Yes,2,0,42,0,0,13,3
290,Yes,3,1,22,0,0,7.75,2
291,Yes,1,1,26,0,0,78.85,3
292,Yes,1,1,19,1,0,91.0792,1
293,No,2,0,36,0,0,12.875,1
294,No,3,1,24,0,0,8.85,3
295,No,3,0,24,0,0,7.8958,3
296,No,1,0,0,0,0,27.7208,1
297,No,3,0,23.5,0,0,7.2292,1
298,No,1,1,2,1,2,151.55,3
299,Yes,1,0,0,0,0,30.5,3
300,Yes,1,1,50,0,1,247.5208,1
301,Yes,3,1,0,0,0,7.75,2
302,Yes,3,0,0,2,0,23.25,2
303,No,3,0,19,0,0,0,3
304,Yes,2,1,0,0,0,12.35,2
305,No,3,0,0,0,0,8.05,3
306,Yes,1,0,0.92,1,2,151.55,3
307,Yes,1,1,0,0,0,110.8833,1
308,Yes,1,1,17,1,0,108.9,1
309,No,2,0,30,1,0,24,1
310,Yes,1,1,30,0,0,56.9292,1
311,Yes,1,1,24,0,0,83.1583,1
312,Yes,1,1,18,2,2,262.375,1
313,No,2,1,26,1,1,26,3
314,No,3,0,28,0,0,7.8958,3
315,No,2,0,43,1,1,26.25,3
316,Yes,3,1,26,0,0,7.8542,3
317,Yes,2,1,24,1,0,26,3
318,No,2,0,54,0,0,14,3
319,Yes,1,1,31,0,2,164.8667,3
320,Yes,1,1,40,1,1,134.5,1
321,No,3,0,22,0,0,7.25,3
322,No,3,0,27,0,0,7.8958,3
323,Yes,2,1,30,0,0,12.35,2
324,Yes,2,1,22,1,1,29,3
325,No,3,0,0,8,2,69.55,3
326,Yes,1,1,36,0,0,135.6333,1
327,No,3,0,61,0,0,6.2375,3
328,Yes,2,1,36,0,0,13,3
329,Yes,3,1,31,1,1,20.525,3
330,Yes,1,1,16,0,1,57.9792,1
331,Yes,3,1,0,2,0,23.25,2
332,No,1,0,45.5,0,0,28.5,3
333,No,1,0,38,0,1,153.4625,3
334,No,3,0,16,2,0,18,3
335,Yes,1,1,0,1,0,133.65,3
336,No,3,0,0,0,0,7.8958,3
337,No,1,0,29,1,0,66.6,3
338,Yes,1,1,41,0,0,134.5,1
339,Yes,3,0,45,0,0,8.05,3
340,No,1,0,45,0,0,35.5,3
341,Yes,2,0,2,1,1,26,3
342,Yes,1,1,24,3,2,263,3
343,No,2,0,28,0,0,13,3
344,No,2,0,25,0,0,13,3
345,No,2,0,36,0,0,13,3
346,Yes,2,1,24,0,0,13,3
347,Yes,2,1,40,0,0,13,3
348,Yes,3,1,0,1,0,16.1,3
349,Yes,3,0,3,1,1,15.9,3
350,No,3,0,42,0,0,8.6625,3
351,No,3,0,23,0,0,9.225,3
352,No,1,0,0,0,0,35,3
353,No,3,0,15,1,1,7.2292,1
354,No,3,0,25,1,0,17.8,3
355,No,3,0,0,0,0,7.225,1
356,No,3,0,28,0,0,9.5,3
357,Yes,1,1,22,0,1,55,3
358,No,2,1,38,0,0,13,3
359,Yes,3,1,0,0,0,7.8792,2
360,Yes,3,1,0,0,0,7.8792,2
361,No,3,0,40,1,4,27.9,3
362,No,2,0,29,1,0,27.7208,1
363,No,3,1,45,0,1,14.4542,1
364,No,3,0,35,0,0,7.05,3
365,No,3,0,0,1,0,15.5,2
366,No,3,0,30,0,0,7.25,3
367,Yes,1,1,60,1,0,75.25,1
368,Yes,3,1,0,0,0,7.2292,1
369,Yes,3,1,0,0,0,7.75,2
370,Yes,1,1,24,0,0,69.3,1
371,Yes,1,0,25,1,0,55.4417,1
372,No,3,0,18,1,0,6.4958,3
373,No,3,0,19,0,0,8.05,3
374,No,1,0,22,0,0,135.6333,1
375,No,3,1,3,3,1,21.075,3
376,Yes,1,1,0,1,0,82.1708,1
377,Yes,3,1,22,0,0,7.25,3
378,No,1,0,27,0,2,211.5,1
379,No,3,0,20,0,0,4.0125,1
380,No,3,0,19,0,0,7.775,3
381,Yes,1,1,42,0,0,227.525,1
382,Yes,3,1,1,0,2,15.7417,1
383,No,3,0,32,0,0,7.925,3
384,Yes,1,1,35,1,0,52,3
385,No,3,0,0,0,0,7.8958,3
386,No,2,0,18,0,0,73.5,3
387,No,3,0,1,5,2,46.9,3
388,Yes,2,1,36,0,0,13,3
389,No,3,0,0,0,0,7.7292,2
390,Yes,2,1,17,0,0,12,1
391,Yes,1,0,36,1,2,120,3
392,Yes,3,0,21,0,0,7.7958,3
393,No,3,0,28,2,0,7.925,3
394,Yes,1,1,23,1,0,113.275,1
395,Yes,3,1,24,0,2,16.7,3
396,No,3,0,22,0,0,7.7958,3
397,No,3,1,31,0,0,7.8542,3
398,No,2,0,46,0,0,26,3
399,No,2,0,23,0,0,10.5,3
400,Yes,2,1,28,0,0,12.65,3
401,Yes,3,0,39,0,0,7.925,3
402,No,3,0,26,0,0,8.05,3
403,No,3,1,21,1,0,9.825,3
404,No,3,0,28,1,0,15.85,3
405,No,3,1,20,0,0,8.6625,3
406,No,2,0,34,1,0,21,3
407,No,3,0,51,0,0,7.75,3
408,Yes,2,0,3,1,1,18.75,3
409,No,3,0,21,0,0,7.775,3
410,No,3,1,0,3,1,25.4667,3
411,No,3,0,0,0,0,7.8958,3
412,No,3,0,0,0,0,6.8583,2
413,Yes,1,1,33,1,0,90,2
414,No,2,0,0,0,0,0,3
415,Yes,3,0,44,0,0,7.925,3
416,No,3,1,0,0,0,8.05,3
417,Yes,2,1,34,1,1,32.5,3
418,Yes,2,1,18,0,2,13,3
419,No,2,0,30,0,0,13,3
420,No,3,1,10,0,2,24.15,3
421,No,3,0,0,0,0,7.8958,1
422,No,3,0,21,0,0,7.7333,2
423,No,3,0,29,0,0,7.875,3
424,No,3,1,28,1,1,14.4,3
425,No,3,0,18,1,1,20.2125,3
426,No,3,0,0,0,0,7.25,3
427,Yes,2,1,28,1,0,26,3
428,Yes,2,1,19,0,0,26,3
429,No,3,0,0,0,0,7.75,2
430,Yes,3,0,32,0,0,8.05,3
431,Yes,1,0,28,0,0,26.55,3
432,Yes,3,1,0,1,0,16.1,3
433,Yes,2,1,42,1,0,26,3
434,No,3,0,17,0,0,7.125,3
435,No,1,0,50,1,0,55.9,3
436,Yes,1,1,14,1,2,120,3
437,No,3,1,21,2,2,34.375,3
438,Yes,2,1,24,2,3,18.75,3
439,No,1,0,64,1,4,263,3
440,No,2,0,31,0,0,10.5,3
441,Yes,2,1,45,1,1,26.25,3
442,No,3,0,20,0,0,9.5,3
443,No,3,0,25,1,0,7.775,3
444,Yes,2,1,28,0,0,13,3
445,Yes,3,0,0,0,0,8.1125,3
446,Yes,1,0,4,0,2,81.8583,3
447,Yes,2,1,13,0,1,19.5,3
448,Yes,1,0,34,0,0,26.55,3
449,Yes,3,1,5,2,1,19.2583,1
450,Yes,1,0,52,0,0,30.5,3
451,No,2,0,36,1,2,27.75,3
452,No,3,0,0,1,0,19.9667,3
453,No,1,0,30,0,0,27.75,1
454,Yes,1,0,49,1,0,89.1042,1
455,No,3,0,0,0,0,8.05,3
456,Yes,3,0,29,0,0,7.8958,1
457,No,1,0,65,0,0,26.55,3
458,Yes,1,1,0,1,0,51.8625,3
459,Yes,2,1,50,0,0,10.5,3
460,No,3,0,0,0,0,7.75,2
461,Yes,1,0,48,0,0,26.55,3
462,No,3,0,34,0,0,8.05,3
463,No,1,0,47,0,0,38.5,3
464,No,2,0,48,0,0,13,3
465,No,3,0,0,0,0,8.05,3
466,No,3,0,38,0,0,7.05,3
467,No,2,0,0,0,0,0,3
468,No,1,0,56,0,0,26.55,3
469,No,3,0,0,0,0,7.725,2
470,Yes,3,1,0.75,2,1,19.2583,1
471,No,3,0,0,0,0,7.25,3
472,No,3,0,38,0,0,8.6625,3
473,Yes,2,1,33,1,2,27.75,3
474,Yes,2,1,23,0,0,13.7917,1
475,No,3,1,22,0,0,9.8375,3
476,No,1,0,0,0,0,52,3
477,No,2,0,34,1,0,21,3
478,No,3,0,29,1,0,7.0458,3
479,No,3,0,22,0,0,7.5208,3
480,Yes,3,1,2,0,1,12.2875,3
481,No,3,0,9,5,2,46.9,3
482,No,2,0,0,0,0,0,3
483,No,3,0,50,0,0,8.05,3
484,Yes,3,1,63,0,0,9.5875,3
485,Yes,1,0,25,1,0,91.0792,1
486,No,3,1,0,3,1,25.4667,3
487,Yes,1,1,35,1,0,90,3
488,No,1,0,58,0,0,29.7,1
489,No,3,0,30,0,0,8.05,3
490,Yes,3,0,9,1,1,15.9,3
491,No,3,0,0,1,0,19.9667,3
492,No,3,0,21,0,0,7.25,3
493,No,1,0,55,0,0,30.5,3
494,No,1,0,71,0,0,49.5042,1
495,No,3,0,21,0,0,8.05,3
496,No,3,0,0,0,0,14.4583,1
497,Yes,1,1,54,1,0,78.2667,1
498,No,3,0,0,0,0,15.1,3
499,No,1,1,25,1,2,151.55,3
500,No,3,0,24,0,0,7.7958,3
501,No,3,0,17,0,0,8.6625,3
502,No,3,1,21,0,0,7.75,2
503,No,3,1,0,0,0,7.6292,2
504,No,3,1,37,0,0,9.5875,3
505,Yes,1,1,16,0,0,86.5,3
506,No,1,0,18,1,0,108.9,1
507,Yes,2,1,33,0,2,26,3
508,Yes,1,0,0,0,0,26.55,3
509,No,3,0,28,0,0,22.525,3
510,Yes,3,0,26,0,0,56.4958,3
511,Yes,3,0,29,0,0,7.75,2
512,No,3,0,0,0,0,8.05,3
513,Yes,1,0,36,0,0,26.2875,3
514,Yes,1,1,54,1,0,59.4,1
515,No,3,0,24,0,0,7.4958,3
516,No,1,0,47,0,0,34.0208,3
517,Yes,2,1,34,0,0,10.5,3
518,No,3,0,0,0,0,24.15,2
519,Yes,2,1,36,1,0,26,3
520,No,3,0,32,0,0,7.8958,3
521,Yes,1,1,30,0,0,93.5,3
522,No,3,0,22,0,0,7.8958,3
523,No,3,0,0,0,0,7.225,1
524,Yes,1,1,44,0,1,57.9792,1
525,No,3,0,0,0,0,7.2292,1
526,No,3,0,40.5,0,0,7.75,2
527,Yes,2,1,50,0,0,10.5,3
528,No,1,0,0,0,0,221.7792,3
529,No,3,0,39,0,0,7.925,3
530,No,2,0,23,2,1,11.5,3
531,Yes,2,1,2,1,1,26,3
532,No,3,0,0,0,0,7.2292,1
533,No,3,0,17,1,1,7.2292,1
534,Yes,3,1,0,0,2,22.3583,1
535,No,3,1,30,0,0,8.6625,3
536,Yes,2,1,7,0,2,26.25,3
537,No,1,0,45,0,0,26.55,3
538,Yes,1,1,30,0,0,106.425,1
539,No,3,0,0,0,0,14.5,3
540,Yes,1,1,22,0,2,49.5,1
541,Yes,1,1,36,0,2,71,3
542,No,3,1,9,4,2,31.275,3
543,No,3,1,11,4,2,31.275,3
544,Yes,2,0,32,1,0,26,3
545,No,1,0,50,1,0,106.425,1
546,No,1,0,64,0,0,26,3
547,Yes,2,1,19,1,0,26,3
548,Yes,2,0,0,0,0,13.8625,1
549,No,3,0,33,1,1,20.525,3
550,Yes,2,0,8,1,1,36.75,3
551,Yes,1,0,17,0,2,110.8833,1
552,No,2,0,27,0,0,26,3
553,No,3,0,0,0,0,7.8292,2
554,Yes,3,0,22,0,0,7.225,1
555,Yes,3,1,22,0,0,7.775,3
556,No,1,0,62,0,0,26.55,3
557,Yes,1,1,48,1,0,39.6,1
558,No,1,0,0,0,0,227.525,1
559,Yes,1,1,39,1,1,79.65,3
560,Yes,3,1,36,1,0,17.4,3
561,No,3,0,0,0,0,7.75,2
562,No,3,0,40,0,0,7.8958,3
563,No,2,0,28,0,0,13.5,3
564,No,3,0,0,0,0,8.05,3
565,No,3,1,0,0,0,8.05,3
566,No,3,0,24,2,0,24.15,3
567,No,3,0,19,0,0,7.8958,3
568,No,3,1,29,0,4,21.075,3
569,No,3,0,0,0,0,7.2292,1
570,Yes,3,0,32,0,0,7.8542,3
571,Yes,2,0,62,0,0,10.5,3
572,Yes,1,1,53,2,0,51.4792,3
573,Yes,1,0,36,0,0,26.3875,3
574,Yes,3,1,0,0,0,7.75,2
575,No,3,0,16,0,0,8.05,3
576,No,3,0,19,0,0,14.5,3
577,Yes,2,1,34,0,0,13,3
578,Yes,1,1,39,1,0,55.9,3
579,No,3,1,0,1,0,14.4583,1
580,Yes,3,0,32,0,0,7.925,3
581,Yes,2,1,25,1,1,30,3
582,Yes,1,1,39,1,1,110.8833,1
583,No,2,0,54,0,0,26,3
584,No,1,0,36,0,0,40.125,1
585,No,3,0,0,0,0,8.7125,1
586,Yes,1,1,18,0,2,79.65,3
587,No,2,0,47,0,0,15,3
588,Yes,1,0,60,1,1,79.2,1
589,No,3,0,22,0,0,8.05,3
590,No,3,0,0,0,0,8.05,3
591,No,3,0,35,0,0,7.125,3
592,Yes,1,1,52,1,0,78.2667,1
593,No,3,0,47,0,0,7.25,3
594,No,3,1,0,0,2,7.75,2
595,No,2,0,37,1,0,26,3
596,No,3,0,36,1,1,24.15,3
597,Yes,2,1,0,0,0,33,3
598,No,3,0,49,0,0,0,3
599,No,3,0,0,0,0,7.225,1
600,Yes,1,0,49,1,0,56.9292,1
601,Yes,2,1,24,2,1,27,3
602,No,3,0,0,0,0,7.8958,3
603,No,1,0,0,0,0,42.4,3
604,No,3,0,44,0,0,8.05,3
605,Yes,1,0,35,0,0,26.55,1
606,No,3,0,36,1,0,15.55,3
607,No,3,0,30,0,0,7.8958,3
608,Yes,1,0,27,0,0,30.5,3
609,Yes,2,1,22,1,2,41.5792,1
610,Yes,1,1,40,0,0,153.4625,3
611,No,3,1,39,1,5,31.275,3
612,No,3,0,0,0,0,7.05,3
613,Yes,3,1,0,1,0,15.5,2
614,No,3,0,0,0,0,7.75,2
615,No,3,0,35,0,0,8.05,3
616,Yes,2,1,24,1,2,65,3
617,No,3,0,34,1,1,14.4,3
618,No,3,1,26,1,0,16.1,3
619,Yes,2,1,4,2,1,39,3
620,No,2,0,26,0,0,10.5,3
621,No,3,0,27,1,0,14.4542,1
622,Yes,1,0,42,1,0,52.5542,3
623,Yes,3,0,20,1,1,15.7417,1
624,No,3,0,21,0,0,7.8542,3
625,No,3,0,21,0,0,16.1,3
626,No,1,0,61,0,0,32.3208,3
627,No,2,0,57,0,0,12.35,2
628,Yes,1,1,21,0,0,77.9583,3
629,No,3,0,26,0,0,7.8958,3
630,No,3,0,0,0,0,7.7333,2
631,Yes,1,0,80,0,0,30,3
632,No,3,0,51,0,0,7.0542,3
633,Yes,1,0,32,0,0,30.5,1
634,No,1,0,0,0,0,0,3
635,No,3,1,9,3,2,27.9,3
636,Yes,2,1,28,0,0,13,3
637,No,3,0,32,0,0,7.925,3
638,No,2,0,31,1,1,26.25,3
639,No,3,1,41,0,5,39.6875,3
640,No,3,0,0,1,0,16.1,3
641,No,3,0,20,0,0,7.8542,3
642,Yes,1,1,24,0,0,69.3,1
643,No,3,1,2,3,2,27.9,3
644,Yes,3,0,0,0,0,56.4958,3
645,Yes,3,1,0.75,2,1,19.2583,1
646,Yes,1,0,48,1,0,76.7292,1
647,No,3,0,19,0,0,7.8958,3
648,Yes,1,0,56,0,0,35.5,1
649,No,3,0,0,0,0,7.55,3
650,Yes,3,1,23,0,0,7.55,3
651,No,3,0,0,0,0,7.8958,3
652,Yes,2,1,18,0,1,23,3
653,No,3,0,21,0,0,8.4333,3
654,Yes,3,1,0,0,0,7.8292,2
655,No,3,1,18,0,0,6.75,2
656,No,2,0,24,2,0,73.5,3
657,No,3,0,0,0,0,7.8958,3
658,No,3,1,32,1,1,15.5,2
659,No,2,0,23,0,0,13,3
660,No,1,0,58,0,2,113.275,1
661,Yes,1,0,50,2,0,133.65,3
662,No,3,0,40,0,0,7.225,1
663,No,1,0,47,0,0,25.5875,3
664,No,3,0,36,0,0,7.4958,3
665,Yes,3,0,20,1,0,7.925,3
666,No,2,0,32,2,0,73.5,3
667,No,2,0,25,0,0,13,3
668,No,3,0,0,0,0,7.775,3
669,No,3,0,43,0,0,8.05,3
670,Yes,1,1,0,1,0,52,3
671,Yes,2,1,40,1,1,39,3
672,No,1,0,31,1,0,52,3
673,No,2,0,70,0,0,10.5,3
674,Yes,2,0,31,0,0,13,3
675,No,2,0,0,0,0,0,3
676,No,3,0,18,0,0,7.775,3
677,No,3,0,24.5,0,0,8.05,3
678,Yes,3,1,18,0,0,9.8417,3
679,No,3,1,43,1,6,46.9,3
680,Yes,1,0,36,0,1,512.3292,1
681,No,3,1,0,0,0,8.1375,2
682,Yes,1,0,27,0,0,76.7292,1
683,No,3,0,20,0,0,9.225,3
684,No,3,0,14,5,2,46.9,3
685,No,2,0,60,1,1,39,3
686,No,2,0,25,1,2,41.5792,1
687,No,3,0,14,4,1,39.6875,3
688,No,3,0,19,0,0,10.1708,3
689,No,3,0,18,0,0,7.7958,3
690,Yes,1,1,15,0,1,211.3375,3
691,Yes,1,0,31,1,0,57,3
692,Yes,3,1,4,0,1,13.4167,1
693,Yes,3,0,0,0,0,56.4958,3
694,No,3,0,25,0,0,7.225,1
695,No,1,0,60,0,0,26.55,3
696,No,2,0,52,0,0,13.5,3
697,No,3,0,44,0,0,8.05,3
698,Yes,3,1,0,0,0,7.7333,2
699,No,1,0,49,1,1,110.8833,1
700,No,3,0,42,0,0,7.65,3
701,Yes,1,1,18,1,0,227.525,1
702,Yes,1,0,35,0,0,26.2875,3
703,No,3,1,18,0,1,14.4542,1
704,No,3,0,25,0,0,7.7417,2
705,No,3,0,26,1,0,7.8542,3
706,No,2,0,39,0,0,26,3
707,Yes,2,1,45,0,0,13.5,3
708,Yes,1,0,42,0,0,26.2875,3
709,Yes,1,1,22,0,0,151.55,3
710,Yes,3,0,0,1,1,15.2458,1
711,Yes,1,1,24,0,0,49.5042,1
712,No,1,0,0,0,0,26.55,3
713,Yes,1,0,48,1,0,52,3
714,No,3,0,29,0,0,9.4833,3
715,No,2,0,52,0,0,13,3
716,No,3,0,19,0,0,7.65,3
717,Yes,1,1,38,0,0,227.525,1
718,Yes,2,1,27,0,0,10.5,3
719,No,3,0,0,0,0,15.5,2
720,No,3,0,33,0,0,7.775,3
721,Yes,2,1,6,0,1,33,3
722,No,3,0,17,1,0,7.0542,3
723,No,2,0,34,0,0,13,3
724,No,2,0,50,0,0,13,3
725,Yes,1,0,27,1,0,53.1,3
726,No,3,0,20,0,0,8.6625,3
727,Yes,2,1,30,3,0,21,3
728,Yes,3,1,0,0,0,7.7375,2
729,No,2,0,25,1,0,26,3
730,No,3,1,25,1,0,7.925,3
731,Yes,1,1,29,0,0,211.3375,3
732,No,3,0,11,0,0,18.7875,1
733,No,2,0,0,0,0,0,3
734,No,2,0,23,0,0,13,3
735,No,2,0,23,0,0,13,3
736,No,3,0,28.5,0,0,16.1,3
737,No,3,1,48,1,3,34.375,3
738,Yes,1,0,35,0,0,512.3292,1
739,No,3,0,0,0,0,7.8958,3
740,No,3,0,0,0,0,7.8958,3
741,Yes,1,0,0,0,0,30,3
742,No,1,0,36,1,0,78.85,3
743,Yes,1,1,21,2,2,262.375,1
744,No,3,0,24,1,0,16.1,3
745,Yes,3,0,31,0,0,7.925,3
746,No,1,0,70,1,1,71,3
747,No,3,0,16,1,1,20.25,3
748,Yes,2,1,30,0,0,13,3
749,No,1,0,19,1,0,53.1,3
750,No,3,0,31,0,0,7.75,2
751,Yes,2,1,4,1,1,23,3
752,Yes,3,0,6,0,1,12.475,3
753,No,3,0,33,0,0,9.5,3
754,No,3,0,23,0,0,7.8958,3
755,Yes,2,1,48,1,2,65,3
756,Yes,2,0,0.67,1,1,14.5,3
757,No,3,0,28,0,0,7.7958,3
758,No,2,0,18,0,0,11.5,3
759,No,3,0,34,0,0,8.05,3
760,Yes,1,1,33,0,0,86.5,3
761,No,3,0,0,0,0,14.5,3
762,No,3,0,41,0,0,7.125,3
763,Yes,3,0,20,0,0,7.2292,1
764,Yes,1,1,36,1,2,120,3
765,No,3,0,16,0,0,7.775,3
766,Yes,1,1,51,1,0,77.9583,3
767,No,1,0,0,0,0,39.6,1
768,No,3,1,30.5,0,0,7.75,2
769,No,3,0,0,1,0,24.15,2
770,No,3,0,32,0,0,8.3625,3
771,No,3,0,24,0,0,9.5,3
772,No,3,0,48,0,0,7.8542,3
773,No,2,1,57,0,0,10.5,3
774,No,3,0,0,0,0,7.225,1
775,Yes,2,1,54,1,3,23,3
776,No,3,0,18,0,0,7.75,3
777,No,3,0,0,0,0,7.75,2
778,Yes,3,1,5,0,0,12.475,3
779,No,3,0,0,0,0,7.7375,2
780,Yes,1,1,43,0,1,211.3375,3
781,Yes,3,1,13,0,0,7.2292,1
782,Yes,1,1,17,1,0,57,3
783,No,1,0,29,0,0,30,3
784,No,3,0,0,1,2,23.45,3
785,No,3,0,25,0,0,7.05,3
786,No,3,0,25,0,0,7.25,3
787,Yes,3,1,18,0,0,7.4958,3
788,No,3,0,8,4,1,29.125,2
789,Yes,3,0,1,1,2,20.575,3
790,No,1,0,46,0,0,79.2,1
791,No,3,0,0,0,0,7.75,2
792,No,2,0,16,0,0,26,3
793,No,3,1,0,8,2,69.55,3
794,No,1,0,0,0,0,30.6958,1
795,No,3,0,25,0,0,7.8958,3
796,No,2,0,39,0,0,13,3
797,Yes,1,1,49,0,0,25.9292,3
798,Yes,3,1,31,0,0,8.6833,3
799,No,3,0,30,0,0,7.2292,1
800,No,3,1,30,1,1,24.15,3
801,No,2,0,34,0,0,13,3
802,Yes,2,1,31,1,1,26.25,3
803,Yes,1,0,11,1,2,120,3
804,Yes,3,0,0.42,0,1,8.5167,1
805,Yes,3,0,27,0,0,6.975,3
806,No,3,0,31,0,0,7.775,3
807,No,1,0,39,0,0,0,3
808,No,3,1,18,0,0,7.775,3
809,No,2,0,39,0,0,13,3
810,Yes,1,1,33,1,0,53.1,3
811,No,3,0,26,0,0,7.8875,3
812,No,3,0,39,0,0,24.15,3
813,No,2,0,35,0,0,10.5,3
814,No,3,1,6,4,2,31.275,3
815,No,3,0,30.5,0,0,8.05,3
816,No,1,0,0,0,0,0,3
817,No,3,1,23,0,0,7.925,3
818,No,2,0,31,1,1,37.0042,1
819,No,3,0,43,0,0,6.45,3
820,No,3,0,10,3,2,27.9,3
821,Yes,1,1,52,1,1,93.5,3
822,Yes,3,0,27,0,0,8.6625,3
823,No,1,0,38,0,0,0,3
824,Yes,3,1,27,0,1,12.475,3
825,No,3,0,2,4,1,39.6875,3
826,No,3,0,0,0,0,6.95,2
827,No,3,0,0,0,0,56.4958,3
828,Yes,2,0,1,0,2,37.0042,1
829,Yes,3,0,0,0,0,7.75,2
830,Yes,1,1,62,0,0,80,0
831,Yes,3,1,15,1,0,14.4542,1
832,Yes,2,0,0.83,1,1,18.75,3
833,No,3,0,0,0,0,7.2292,1
834,No,3,0,23,0,0,7.8542,3
835,No,3,0,18,0,0,8.3,3
836,Yes,1,1,39,1,1,83.1583,1
837,No,3,0,21,0,0,8.6625,3
838,No,3,0,0,0,0,8.05,3
839,Yes,3,0,32,0,0,56.4958,3
840,Yes,1,0,0,0,0,29.7,1
841,No,3,0,20,0,0,7.925,3
842,No,2,0,16,0,0,10.5,3
843,Yes,1,1,30,0,0,31,1
844,No,3,0,34.5,0,0,6.4375,1
845,No,3,0,17,0,0,8.6625,3
846,No,3,0,42,0,0,7.55,3
847,No,3,0,0,8,2,69.55,3
848,No,3,0,35,0,0,7.8958,1
849,No,2,0,28,0,1,33,3
850,Yes,1,1,0,1,0,89.1042,1
851,No,3,0,4,4,2,31.275,3
852,No,3,0,74,0,0,7.775,3
853,No,3,1,9,1,1,15.2458,1
854,Yes,1,1,16,0,1,39.4,3
855,No,2,1,44,1,0,26,3
856,Yes,3,1,18,0,1,9.35,3
857,Yes,1,1,45,1,1,164.8667,3
858,Yes,1,0,51,0,0,26.55,3
859,Yes,3,1,24,0,3,19.2583,1
860,No,3,0,0,0,0,7.2292,1
861,No,3,0,41,2,0,14.1083,3
862,No,2,0,21,1,0,11.5,3
863,Yes,1,1,48,0,0,25.9292,3
864,No,3,1,0,8,2,69.55,3
865,No,2,0,24,0,0,13,3
866,Yes,2,1,42,0,0,13,3
867,Yes,2,1,27,1,0,13.8583,1
868,No,1,0,31,0,0,50.4958,3
869,No,3,0,0,0,0,9.5,3
870,Yes,3,0,4,1,1,11.1333,3
871,No,3,0,26,0,0,7.8958,3
872,Yes,1,1,47,1,1,52.5542,3
873,No,1,0,33,0,0,5,3
874,No,3,0,47,0,0,9,3
875,Yes,2,1,28,1,0,24,1
876,Yes,3,1,15,0,0,7.225,1
877,No,3,0,20,0,0,9.8458,3
878,No,3,0,19,0,0,7.8958,3
879,No,3,0,0,0,0,7.8958,3
880,Yes,1,1,56,0,1,83.1583,1
881,Yes,2,1,25,0,1,26,3
882,No,3,0,33,0,0,7.8958,3
883,No,3,1,22,0,0,10.5167,3
884,No,2,0,28,0,0,10.5,3
885,No,3,0,25,0,0,7.05,3
886,No,3,1,39,0,5,29.125,2
887,No,2,0,27,0,0,13,3
888,Yes,1,1,19,0,0,30,3
889,No,3,1,0,1,2,23.45,3
890,Yes,1,0,26,0,0,30,1
891,No,3,0,32,0,0,7.75,2